[{"id":"1","name":"Shirt","size":["18","20","22","24","26","28","30","32","34/M","36/L","38/16/XL","40/16.5"]},{"id":"2","name":"Pant","size":["22","24","26","28","30","32","34","36","38","29-W","30-W","31-W","32-W","34-W","36-W","38-W","40-W","42-W","44-W","46-W","48-W","50-W"]},{"id":"3","name":"Tie","size":["S/13-Inch","M/15-Inch","L/17-Inch","N-Full"]},{"id":"4","name":"Suit","size":["22","24","26","28","30","32","34","36","38","40"]},{"id":"5","name":"Shalwar","size":["22","24","26","28","30","32","34","36","38","40"]},{"id":"6","name":"Dubta","size":["S"," M"," L"]}]